{"cameraMode":{"drawMode":0,"name":"Shaded","section":"Shading Mode"},"sceneLighting":true,"audioPlay":false,"sceneViewState":{"m_AlwaysRefresh":false,"showFog":true,"showSkybox":true,"showFlares":true,"showImageEffects":true,"showParticleSystems":true,"showVisualEffectGraphs":true,"m_FxEnabled":true},"in2DMode":false,"pivot":{"x":1182.4671630859375,"y":701.626220703125,"z":-1092.230224609375},"rotation":{"x":-0.13157117366790772,"y":-0.02646808885037899,"z":0.0035143056884407999,"w":-0.9909511804580689},"size":111.13648223876953,"orthographic":false}